issue_date,lead_time_days,valid_date,p,o
2026-04-02,1,2026-04-03,0.0,0
2026-04-02,2,2026-04-04,0.0,0
2026-04-02,3,2026-04-05,0.0,0
2026-04-02,4,2026-04-06,0.0,0
2026-04-02,5,2026-04-07,0.25,1
2026-04-02,6,2026-04-08,0.25,0
2026-04-02,7,2026-04-09,1.0,1
2026-04-02,8,2026-04-10,0.25,1
2026-04-02,9,2026-04-11,0.5,0
2026-04-02,10,2026-04-12,0.25,0
2026-04-03,1,2026-04-04,0.0,0
2026-04-03,2,2026-04-05,0.0,0
2026-04-03,3,2026-04-06,0.0,0
2026-04-03,4,2026-04-07,0.25,1
2026-04-03,5,2026-04-08,0.0,0
2026-04-03,6,2026-04-09,1.0,1
2026-04-03,7,2026-04-10,0.0,1
2026-04-03,8,2026-04-11,0.5,0
2026-04-03,9,2026-04-12,0.5,0
2026-04-03,10,2026-04-13,0.25,1
2026-04-04,1,2026-04-05,0.0,0
2026-04-04,2,2026-04-06,0.0,0
2026-04-04,3,2026-04-07,0.0,1
2026-04-04,4,2026-04-08,0.0,0
2026-04-04,5,2026-04-09,1.0,1
2026-04-04,6,2026-04-10,0.25,1
2026-04-04,7,2026-04-11,0.25,0
2026-04-04,8,2026-04-12,0.0,0
2026-04-04,9,2026-04-13,0.0,1
2026-04-04,10,2026-04-14,0.5,0
2026-04-05,1,2026-04-06,0.0,0
2026-04-05,2,2026-04-07,0.0,1
2026-04-05,3,2026-04-08,0.25,0
2026-04-05,4,2026-04-09,1.0,1
2026-04-05,5,2026-04-10,1.0,1
2026-04-05,6,2026-04-11,0.0,0
2026-04-05,7,2026-04-12,0.75,0
2026-04-05,8,2026-04-13,0.0,1
2026-04-05,9,2026-04-14,0.0,0
2026-04-05,10,2026-04-15,0.0,0
2026-04-06,1,2026-04-07,0.0,1
2026-04-06,2,2026-04-08,0.0,0
2026-04-06,3,2026-04-09,1.0,1
2026-04-06,4,2026-04-10,1.0,1
2026-04-06,5,2026-04-11,0.75,0
2026-04-06,6,2026-04-12,0.0,0
2026-04-06,7,2026-04-13,0.25,1
2026-04-06,8,2026-04-14,0.0,0
2026-04-06,9,2026-04-15,0.25,0
2026-04-06,10,2026-04-16,0.0,0
2026-04-07,1,2026-04-08,0.0,0
2026-04-07,2,2026-04-09,1.0,1
2026-04-07,3,2026-04-10,0.25,1
2026-04-07,4,2026-04-11,0.0,0
2026-04-07,5,2026-04-12,0.25,0
2026-04-07,6,2026-04-13,0.0,1
2026-04-07,7,2026-04-14,0.0,0
2026-04-07,8,2026-04-15,0.25,0
2026-04-07,9,2026-04-16,0.5,0
2026-04-07,10,2026-04-17,0.25,0
2026-04-08,1,2026-04-09,1.0,1
2026-04-08,2,2026-04-10,1.0,1
2026-04-08,3,2026-04-11,0.0,0
2026-04-08,4,2026-04-12,0.0,0
2026-04-08,5,2026-04-13,0.0,1
2026-04-08,6,2026-04-14,0.0,0
2026-04-08,7,2026-04-15,0.0,0
2026-04-08,8,2026-04-16,0.0,0
2026-04-08,9,2026-04-17,0.5,0
2026-04-08,10,2026-04-18,0.75,0
2026-04-09,1,2026-04-10,1.0,1
2026-04-09,2,2026-04-11,0.0,0
2026-04-09,3,2026-04-12,0.0,0
2026-04-09,4,2026-04-13,0.0,1
2026-04-09,5,2026-04-14,0.0,0
2026-04-09,6,2026-04-15,0.0,0
2026-04-09,7,2026-04-16,0.0,0
2026-04-09,8,2026-04-17,0.5,0
2026-04-09,9,2026-04-18,0.5,0
2026-04-09,10,2026-04-19,0.0,0
2026-04-10,1,2026-04-11,0.25,0
2026-04-10,2,2026-04-12,0.0,0
2026-04-10,3,2026-04-13,0.0,1
2026-04-10,4,2026-04-14,0.0,0
2026-04-10,5,2026-04-15,0.0,0
2026-04-10,6,2026-04-16,0.0,0
2026-04-10,7,2026-04-17,0.5,0
2026-04-10,8,2026-04-18,0.75,0
2026-04-10,9,2026-04-19,0.0,0
2026-04-10,10,2026-04-20,0.0,0
2026-04-11,1,2026-04-12,0.0,0
2026-04-11,2,2026-04-13,0.0,1
2026-04-11,3,2026-04-14,0.0,0
2026-04-11,4,2026-04-15,0.0,0
2026-04-11,5,2026-04-16,0.0,0
2026-04-11,6,2026-04-17,0.0,0
2026-04-11,7,2026-04-18,0.0,0
2026-04-11,8,2026-04-19,0.0,0
2026-04-11,9,2026-04-20,0.25,0
2026-04-11,10,2026-04-21,0.5,1
2026-04-12,1,2026-04-13,0.75,1
2026-04-12,2,2026-04-14,0.0,0
2026-04-12,3,2026-04-15,0.0,0
2026-04-12,4,2026-04-16,0.0,0
2026-04-12,5,2026-04-17,0.0,0
2026-04-12,6,2026-04-18,0.0,0
2026-04-12,7,2026-04-19,0.0,0
2026-04-12,8,2026-04-20,0.0,0
2026-04-12,9,2026-04-21,0.75,1
2026-04-12,10,2026-04-22,0.5,0
2026-04-13,1,2026-04-14,0.0,0
2026-04-13,2,2026-04-15,0.0,0
2026-04-13,3,2026-04-16,0.0,0
2026-04-13,4,2026-04-17,0.0,0
2026-04-13,5,2026-04-18,0.0,0
2026-04-13,6,2026-04-19,0.0,0
2026-04-13,7,2026-04-20,0.0,0
2026-04-13,8,2026-04-21,0.5,1
2026-04-13,9,2026-04-22,0.25,0
2026-04-13,10,2026-04-23,0.25,1
2026-04-14,1,2026-04-15,0.0,0
2026-04-14,2,2026-04-16,0.0,0
2026-04-14,3,2026-04-17,0.0,0
2026-04-14,4,2026-04-18,0.0,0
2026-04-14,5,2026-04-19,0.0,0
2026-04-14,6,2026-04-20,0.0,0
2026-04-14,7,2026-04-21,0.25,1
2026-04-14,8,2026-04-22,0.5,0
2026-04-14,9,2026-04-23,0.0,1
2026-04-14,10,2026-04-24,0.0,0
2026-04-15,1,2026-04-16,0.0,0
2026-04-15,2,2026-04-17,0.0,0
2026-04-15,3,2026-04-18,0.25,0
2026-04-15,4,2026-04-19,0.0,0
2026-04-15,5,2026-04-20,0.0,0
2026-04-15,6,2026-04-21,0.0,1
2026-04-15,7,2026-04-22,0.5,0
2026-04-15,8,2026-04-23,0.0,1
2026-04-15,9,2026-04-24,0.25,0
2026-04-15,10,2026-04-25,0.0,0
2026-04-16,1,2026-04-17,0.0,0
2026-04-16,2,2026-04-18,0.0,0
2026-04-16,3,2026-04-19,0.0,0
2026-04-16,4,2026-04-20,0.0,0
2026-04-16,5,2026-04-21,0.5,1
2026-04-16,6,2026-04-22,1.0,0
2026-04-16,7,2026-04-23,0.25,1
2026-04-16,8,2026-04-24,0.25,0
2026-04-16,9,2026-04-25,0.0,0
2026-04-16,10,2026-04-26,0.0,1
2026-04-17,1,2026-04-18,0.0,0
2026-04-17,2,2026-04-19,0.0,0
2026-04-17,3,2026-04-20,0.0,0
2026-04-17,4,2026-04-21,0.0,1
2026-04-17,5,2026-04-22,0.5,0
2026-04-17,6,2026-04-23,0.0,1
2026-04-17,7,2026-04-24,0.0,0
2026-04-17,8,2026-04-25,0.0,0
2026-04-17,9,2026-04-26,0.0,1
2026-04-17,10,2026-04-27,0.0,0
2026-04-18,1,2026-04-19,0.0,0
2026-04-18,2,2026-04-20,0.0,0
2026-04-18,3,2026-04-21,0.0,1
2026-04-18,4,2026-04-22,0.25,0
2026-04-18,5,2026-04-23,0.0,1
2026-04-18,6,2026-04-24,0.0,0
2026-04-18,7,2026-04-25,0.0,0
2026-04-18,8,2026-04-26,0.25,1
2026-04-18,9,2026-04-27,0.5,0
2026-04-18,10,2026-04-28,0.25,0
2026-04-19,1,2026-04-20,0.0,0
2026-04-19,2,2026-04-21,0.25,1
2026-04-19,3,2026-04-22,0.25,0
2026-04-19,4,2026-04-23,0.25,1
2026-04-19,5,2026-04-24,0.0,0
2026-04-19,6,2026-04-25,0.0,0
2026-04-19,7,2026-04-26,0.0,1
2026-04-19,8,2026-04-27,0.25,0
2026-04-19,9,2026-04-28,0.25,0
2026-04-19,10,2026-04-29,0.0,0
2026-04-20,1,2026-04-21,1.0,1
2026-04-20,2,2026-04-22,0.5,0
2026-04-20,3,2026-04-23,0.0,1
2026-04-20,4,2026-04-24,0.25,0
2026-04-20,5,2026-04-25,0.0,0
2026-04-20,6,2026-04-26,0.0,1
2026-04-20,7,2026-04-27,0.0,0
2026-04-20,8,2026-04-28,0.0,0
2026-04-20,9,2026-04-29,0.0,0
2026-04-20,10,2026-04-30,0.0,0
2026-04-21,1,2026-04-22,0.0,0
2026-04-21,2,2026-04-23,0.0,1
2026-04-21,3,2026-04-24,0.0,0
2026-04-21,4,2026-04-25,0.0,0
2026-04-21,5,2026-04-26,0.0,1
2026-04-21,6,2026-04-27,0.0,0
2026-04-21,7,2026-04-28,0.0,0
2026-04-21,8,2026-04-29,0.0,0
2026-04-21,9,2026-04-30,0.0,0
2026-04-21,10,2026-05-01,0.25,0
2026-04-22,1,2026-04-23,0.75,1
2026-04-22,2,2026-04-24,0.25,0
2026-04-22,3,2026-04-25,0.0,0
2026-04-22,4,2026-04-26,0.0,1
2026-04-22,5,2026-04-27,0.25,0
2026-04-22,6,2026-04-28,0.0,0
2026-04-22,7,2026-04-29,0.0,0
2026-04-22,8,2026-04-30,0.25,0
2026-04-22,9,2026-05-01,0.0,0
2026-04-22,10,2026-05-02,0.0,0
2026-04-23,1,2026-04-24,0.25,0
2026-04-23,2,2026-04-25,0.0,0
2026-04-23,3,2026-04-26,0.25,1
2026-04-23,4,2026-04-27,0.0,0
2026-04-23,5,2026-04-28,0.0,0
2026-04-23,6,2026-04-29,0.0,0
2026-04-23,7,2026-04-30,0.0,0
2026-04-23,8,2026-05-01,0.0,0
2026-04-23,9,2026-05-02,0.0,0
2026-04-23,10,2026-05-03,0.0,0
2026-04-24,1,2026-04-25,0.0,0
2026-04-24,2,2026-04-26,0.25,1
2026-04-24,3,2026-04-27,0.25,0
2026-04-24,4,2026-04-28,0.0,0
2026-04-24,5,2026-04-29,0.0,0
2026-04-24,6,2026-04-30,0.0,0
2026-04-24,7,2026-05-01,0.0,0
2026-04-24,8,2026-05-02,0.0,0
2026-04-24,9,2026-05-03,0.25,0
2026-04-24,10,2026-05-04,0.0,0
2026-04-25,1,2026-04-26,0.0,1
2026-04-25,2,2026-04-27,0.25,0
2026-04-25,3,2026-04-28,0.0,0
2026-04-25,4,2026-04-29,0.0,0
2026-04-25,5,2026-04-30,0.0,0
2026-04-25,6,2026-05-01,0.0,0
2026-04-25,7,2026-05-02,0.0,0
2026-04-25,8,2026-05-03,0.0,0
2026-04-25,9,2026-05-04,0.0,0
2026-04-25,10,2026-05-05,0.0,0
2026-04-26,1,2026-04-27,0.0,0
2026-04-26,2,2026-04-28,0.0,0
2026-04-26,3,2026-04-29,0.0,0
2026-04-26,4,2026-04-30,0.0,0
2026-04-26,5,2026-05-01,0.0,0
2026-04-26,6,2026-05-02,0.0,0
2026-04-26,7,2026-05-03,0.25,0
2026-04-26,8,2026-05-04,0.0,0
2026-04-26,9,2026-05-05,0.0,0
2026-04-26,10,2026-05-06,0.25,1
2026-04-27,1,2026-04-28,0.0,0
2026-04-27,2,2026-04-29,0.0,0
2026-04-27,3,2026-04-30,0.0,0
2026-04-27,4,2026-05-01,0.0,0
2026-04-27,5,2026-05-02,0.0,0
2026-04-27,6,2026-05-03,0.0,0
2026-04-27,7,2026-05-04,0.0,0
2026-04-27,8,2026-05-05,0.0,0
2026-04-27,9,2026-05-06,0.0,1
2026-04-27,10,2026-05-07,0.0,0
2026-04-28,1,2026-04-29,0.0,0
2026-04-28,2,2026-04-30,0.0,0
2026-04-28,3,2026-05-01,0.0,0
2026-04-28,4,2026-05-02,0.0,0
2026-04-28,5,2026-05-03,0.0,0
2026-04-28,6,2026-05-04,0.25,0
2026-04-28,7,2026-05-05,0.0,0
2026-04-28,8,2026-05-06,0.5,1
2026-04-28,9,2026-05-07,0.0,0
2026-04-28,10,2026-05-08,0.0,0
2026-04-29,1,2026-04-30,0.0,0
2026-04-29,2,2026-05-01,0.0,0
2026-04-29,3,2026-05-02,0.0,0
2026-04-29,4,2026-05-03,0.0,0
2026-04-29,5,2026-05-04,0.0,0
2026-04-29,6,2026-05-05,0.75,0
2026-04-29,7,2026-05-06,0.0,1
2026-04-29,8,2026-05-07,0.0,0
2026-04-29,9,2026-05-08,0.0,0
2026-04-29,10,2026-05-09,0.25,1
2026-04-30,1,2026-05-01,0.0,0
2026-04-30,2,2026-05-02,0.0,0
2026-04-30,3,2026-05-03,0.0,0
2026-04-30,4,2026-05-04,0.0,0
2026-04-30,5,2026-05-05,0.5,0
2026-04-30,6,2026-05-06,0.25,1
2026-04-30,7,2026-05-07,0.0,0
2026-04-30,8,2026-05-08,0.25,0
2026-04-30,9,2026-05-09,0.5,1
2026-04-30,10,2026-05-10,0.25,0
2026-05-01,1,2026-05-02,0.0,0
2026-05-01,2,2026-05-03,0.0,0
2026-05-01,3,2026-05-04,0.0,0
2026-05-01,4,2026-05-05,0.25,0
2026-05-01,5,2026-05-06,0.0,1
2026-05-01,6,2026-05-07,0.0,0
2026-05-01,7,2026-05-08,0.0,0
2026-05-01,8,2026-05-09,0.5,1
2026-05-01,9,2026-05-10,0.5,0
2026-05-01,10,2026-05-11,0.0,0
2026-05-02,1,2026-05-03,0.0,0
2026-05-02,2,2026-05-04,0.0,0
2026-05-02,3,2026-05-05,0.5,0
2026-05-02,4,2026-05-06,0.0,1
2026-05-02,5,2026-05-07,0.0,0
2026-05-02,6,2026-05-08,0.0,0
2026-05-02,7,2026-05-09,0.5,1
2026-05-02,8,2026-05-10,0.0,0
2026-05-02,9,2026-05-11,0.25,0
2026-05-02,10,2026-05-12,0.0,0
2026-05-03,1,2026-05-04,0.0,0
2026-05-03,2,2026-05-05,0.75,0
2026-05-03,3,2026-05-06,0.0,1
2026-05-03,4,2026-05-07,0.0,0
2026-05-03,5,2026-05-08,0.0,0
2026-05-03,6,2026-05-09,0.75,1
2026-05-03,7,2026-05-10,0.25,0
2026-05-03,8,2026-05-11,0.5,0
2026-05-03,9,2026-05-12,0.0,0
2026-05-03,10,2026-05-13,0.25,1
2026-05-04,1,2026-05-05,1.0,0
2026-05-04,2,2026-05-06,0.0,1
2026-05-04,3,2026-05-07,0.0,0
2026-05-04,4,2026-05-08,0.0,0
2026-05-04,5,2026-05-09,0.25,1
2026-05-04,6,2026-05-10,0.0,0
2026-05-04,7,2026-05-11,0.25,0
2026-05-04,8,2026-05-12,0.0,0
2026-05-04,9,2026-05-13,0.25,1
2026-05-04,10,2026-05-14,0.25,0
2026-05-05,1,2026-05-06,0.0,1
2026-05-05,2,2026-05-07,0.0,0
2026-05-05,3,2026-05-08,0.0,0
2026-05-05,4,2026-05-09,0.0,1
2026-05-05,5,2026-05-10,0.0,0
2026-05-05,6,2026-05-11,0.0,0
2026-05-05,7,2026-05-12,0.0,0
2026-05-05,8,2026-05-13,0.75,1
2026-05-05,9,2026-05-14,0.0,0
2026-05-05,10,2026-05-15,0.0,0
2026-05-06,1,2026-05-07,0.0,0
2026-05-06,2,2026-05-08,0.25,0
2026-05-06,3,2026-05-09,0.5,1
2026-05-06,4,2026-05-10,0.0,0
2026-05-06,5,2026-05-11,0.0,0
2026-05-06,6,2026-05-12,0.0,0
2026-05-06,7,2026-05-13,0.75,1
2026-05-06,8,2026-05-14,0.25,0
2026-05-06,9,2026-05-15,0.0,0
2026-05-06,10,2026-05-16,0.25,0
2026-05-07,1,2026-05-08,0.0,0
2026-05-07,2,2026-05-09,0.75,1
2026-05-07,3,2026-05-10,0.0,0
2026-05-07,4,2026-05-11,0.0,0
2026-05-07,5,2026-05-12,0.0,0
2026-05-07,6,2026-05-13,0.75,1
2026-05-07,7,2026-05-14,0.0,0
2026-05-07,8,2026-05-15,0.0,0
2026-05-07,9,2026-05-16,0.0,0
2026-05-07,10,2026-05-17,0.0,0
2026-05-08,1,2026-05-09,0.75,1
2026-05-08,2,2026-05-10,0.0,0
2026-05-08,3,2026-05-11,0.0,0
2026-05-08,4,2026-05-12,0.0,0
2026-05-08,5,2026-05-13,0.25,1
2026-05-08,6,2026-05-14,0.25,0
2026-05-08,7,2026-05-15,0.0,0
2026-05-08,8,2026-05-16,0.0,0
2026-05-08,9,2026-05-17,0.5,0
2026-05-08,10,2026-05-18,0.25,1
2026-05-09,1,2026-05-10,0.0,0
2026-05-09,2,2026-05-11,0.0,0
2026-05-09,3,2026-05-12,0.0,0
2026-05-09,4,2026-05-13,0.75,1
2026-05-09,5,2026-05-14,0.0,0
2026-05-09,6,2026-05-15,0.0,0
2026-05-09,7,2026-05-16,0.0,0
2026-05-09,8,2026-05-17,0.25,0
2026-05-09,9,2026-05-18,0.25,1
2026-05-09,10,2026-05-19,0.25,0
2026-05-10,1,2026-05-11,0.0,0
2026-05-10,2,2026-05-12,0.0,0
2026-05-10,3,2026-05-13,0.5,1
2026-05-10,4,2026-05-14,0.0,0
2026-05-10,5,2026-05-15,0.0,0
2026-05-10,6,2026-05-16,0.0,0
2026-05-10,7,2026-05-17,0.75,0
2026-05-10,8,2026-05-18,0.0,1
2026-05-10,9,2026-05-19,0.0,0
2026-05-10,10,2026-05-20,0.25,0
2026-05-11,1,2026-05-12,0.0,0
2026-05-11,2,2026-05-13,0.75,1
2026-05-11,3,2026-05-14,0.0,0
2026-05-11,4,2026-05-15,0.0,0
2026-05-11,5,2026-05-16,0.0,0
2026-05-11,6,2026-05-17,0.0,0
2026-05-11,7,2026-05-18,0.25,1
2026-05-11,8,2026-05-19,0.0,0
2026-05-11,9,2026-05-20,0.75,0
2026-05-11,10,2026-05-21,0.0,1
2026-05-12,1,2026-05-13,0.75,1
2026-05-12,2,2026-05-14,0.0,0
2026-05-12,3,2026-05-15,0.0,0
2026-05-12,4,2026-05-16,0.0,0
2026-05-12,5,2026-05-17,0.0,0
2026-05-12,6,2026-05-18,0.75,1
2026-05-12,7,2026-05-19,0.75,0
2026-05-12,8,2026-05-20,0.25,0
2026-05-12,9,2026-05-21,0.0,1
2026-05-12,10,2026-05-22,0.75,1
2026-05-13,1,2026-05-14,0.0,0
2026-05-13,2,2026-05-15,0.0,0
2026-05-13,3,2026-05-16,0.0,0
2026-05-13,4,2026-05-17,0.0,0
2026-05-13,5,2026-05-18,1.0,1
2026-05-13,6,2026-05-19,1.0,0
2026-05-13,7,2026-05-20,0.0,0
2026-05-13,8,2026-05-21,0.75,1
2026-05-13,9,2026-05-22,0.75,1
2026-05-13,10,2026-05-23,0.25,1
2026-05-14,1,2026-05-15,0.0,0
2026-05-14,2,2026-05-16,0.0,0
2026-05-14,3,2026-05-17,0.0,0
2026-05-14,4,2026-05-18,1.0,1
2026-05-14,5,2026-05-19,0.25,0
2026-05-14,6,2026-05-20,0.0,0
2026-05-14,7,2026-05-21,0.25,1
2026-05-14,8,2026-05-22,0.75,1
2026-05-14,9,2026-05-23,0.0,1
2026-05-14,10,2026-05-24,0.25,1
2026-05-15,1,2026-05-16,0.0,0
2026-05-15,2,2026-05-17,0.0,0
2026-05-15,3,2026-05-18,1.0,1
2026-05-15,4,2026-05-19,0.0,0
2026-05-15,5,2026-05-20,0.0,0
2026-05-15,6,2026-05-21,0.0,1
2026-05-15,7,2026-05-22,0.5,1
2026-05-15,8,2026-05-23,0.75,1
2026-05-15,9,2026-05-24,0.75,1
2026-05-15,10,2026-05-25,0.0,0
2026-05-16,1,2026-05-17,0.0,0
2026-05-16,2,2026-05-18,1.0,1
2026-05-16,3,2026-05-19,0.0,0
2026-05-16,4,2026-05-20,0.0,0
2026-05-16,5,2026-05-21,0.5,1
2026-05-16,6,2026-05-22,0.75,1
2026-05-16,7,2026-05-23,0.75,1
2026-05-16,8,2026-05-24,0.25,1
2026-05-16,9,2026-05-25,0.25,0
2026-05-16,10,2026-05-26,0.0,0
2026-05-17,1,2026-05-18,1.0,1
2026-05-17,2,2026-05-19,0.0,0
2026-05-17,3,2026-05-20,0.0,0
2026-05-17,4,2026-05-21,1.0,1
2026-05-17,5,2026-05-22,1.0,1
2026-05-17,6,2026-05-23,0.5,1
2026-05-17,7,2026-05-24,0.25,1
2026-05-17,8,2026-05-25,0.25,0
2026-05-17,9,2026-05-26,0.25,0
2026-05-17,10,2026-05-27,0.0,0
2026-05-18,1,2026-05-19,0.0,0
2026-05-18,2,2026-05-20,0.0,0
2026-05-18,3,2026-05-21,1.0,1
2026-05-18,4,2026-05-22,0.75,1
2026-05-18,5,2026-05-23,1.0,1
2026-05-18,6,2026-05-24,1.0,1
2026-05-18,7,2026-05-25,0.75,0
2026-05-18,8,2026-05-26,0.0,0
2026-05-18,9,2026-05-27,0.25,0
2026-05-18,10,2026-05-28,0.0,0
2026-05-19,1,2026-05-20,0.0,0
2026-05-19,2,2026-05-21,0.25,1
2026-05-19,3,2026-05-22,1.0,1
2026-05-19,4,2026-05-23,1.0,1
2026-05-19,5,2026-05-24,1.0,1
2026-05-19,6,2026-05-25,0.75,0
2026-05-19,7,2026-05-26,0.0,0
2026-05-19,8,2026-05-27,0.0,0
2026-05-19,9,2026-05-28,0.0,0
2026-05-19,10,2026-05-29,0.25,0
2026-05-20,1,2026-05-21,0.75,1
2026-05-20,2,2026-05-22,1.0,1
2026-05-20,3,2026-05-23,0.5,1
2026-05-20,4,2026-05-24,1.0,1
2026-05-20,5,2026-05-25,0.75,0
2026-05-20,6,2026-05-26,0.0,0
2026-05-20,7,2026-05-27,0.25,0
2026-05-20,8,2026-05-28,0.25,0
2026-05-20,9,2026-05-29,0.0,0
2026-05-20,10,2026-05-30,0.25,0
2026-05-21,1,2026-05-22,1.0,1
2026-05-21,2,2026-05-23,1.0,1
2026-05-21,3,2026-05-24,1.0,1
2026-05-21,4,2026-05-25,0.0,0
2026-05-21,5,2026-05-26,0.0,0
2026-05-21,6,2026-05-27,0.0,0
2026-05-21,7,2026-05-28,0.25,0
2026-05-21,8,2026-05-29,0.0,0
2026-05-21,9,2026-05-30,0.25,0
2026-05-21,10,2026-05-31,0.25,0
2026-05-22,1,2026-05-23,1.0,1
2026-05-22,2,2026-05-24,1.0,1
2026-05-22,3,2026-05-25,0.25,0
2026-05-22,4,2026-05-26,0.0,0
2026-05-22,5,2026-05-27,0.0,0
2026-05-22,6,2026-05-28,0.0,0
2026-05-22,7,2026-05-29,0.25,0
2026-05-22,8,2026-05-30,0.0,0
2026-05-22,9,2026-05-31,0.0,0
2026-05-22,10,2026-06-01,0.25,1
2026-05-23,1,2026-05-24,1.0,1
2026-05-23,2,2026-05-25,0.0,0
2026-05-23,3,2026-05-26,0.0,0
2026-05-23,4,2026-05-27,0.0,0
2026-05-23,5,2026-05-28,0.0,0
2026-05-23,6,2026-05-29,0.0,0
2026-05-23,7,2026-05-30,0.0,0
2026-05-23,8,2026-05-31,0.0,0
2026-05-23,9,2026-06-01,0.0,1
2026-05-23,10,2026-06-02,0.25,0
2026-05-24,1,2026-05-25,0.0,0
2026-05-24,2,2026-05-26,0.0,0
2026-05-24,3,2026-05-27,0.0,0
2026-05-24,4,2026-05-28,0.0,0
2026-05-24,5,2026-05-29,0.0,0
2026-05-24,6,2026-05-30,0.0,0
2026-05-24,7,2026-05-31,0.25,0
2026-05-24,8,2026-06-01,0.75,1
2026-05-24,9,2026-06-02,0.25,0
2026-05-24,10,2026-06-03,0.5,0
2026-05-25,1,2026-05-26,0.0,0
2026-05-25,2,2026-05-27,0.0,0
2026-05-25,3,2026-05-28,0.0,0
2026-05-25,4,2026-05-29,0.0,0
2026-05-25,5,2026-05-30,0.0,0
2026-05-25,6,2026-05-31,0.0,0
2026-05-25,7,2026-06-01,0.0,1
2026-05-25,8,2026-06-02,0.25,0
2026-05-25,9,2026-06-03,0.0,0
2026-05-25,10,2026-06-04,0.0,1
2026-05-26,1,2026-05-27,0.0,0
2026-05-26,2,2026-05-28,0.0,0
2026-05-26,3,2026-05-29,0.0,0
2026-05-26,4,2026-05-30,0.0,0
2026-05-26,5,2026-05-31,0.0,0
2026-05-26,6,2026-06-01,0.25,1
2026-05-26,7,2026-06-02,0.25,0
2026-05-26,8,2026-06-03,0.5,0
2026-05-26,9,2026-06-04,0.0,1
2026-05-26,10,2026-06-05,0.25,1
2026-05-27,1,2026-05-28,0.0,0
2026-05-27,2,2026-05-29,0.0,0
2026-05-27,3,2026-05-30,0.0,0
2026-05-27,4,2026-05-31,0.0,0
2026-05-27,5,2026-06-01,0.5,1
2026-05-27,6,2026-06-02,0.25,0
2026-05-27,7,2026-06-03,0.0,0
2026-05-27,8,2026-06-04,0.5,1
2026-05-27,9,2026-06-05,0.0,1
2026-05-27,10,2026-06-06,0.5,0
2026-05-28,1,2026-05-29,0.0,0
2026-05-28,2,2026-05-30,0.0,0
2026-05-28,3,2026-05-31,0.0,0
2026-05-28,4,2026-06-01,0.25,1
2026-05-28,5,2026-06-02,0.0,0
2026-05-28,6,2026-06-03,0.25,0
2026-05-28,7,2026-06-04,0.0,1
2026-05-28,8,2026-06-05,0.25,1
2026-05-28,9,2026-06-06,0.0,0
2026-05-28,10,2026-06-07,0.0,0
2026-05-29,1,2026-05-30,0.0,0
2026-05-29,2,2026-05-31,0.0,0
2026-05-29,3,2026-06-01,0.0,1
2026-05-29,4,2026-06-02,0.25,0
2026-05-29,5,2026-06-03,0.5,0
2026-05-29,6,2026-06-04,0.0,1
2026-05-29,7,2026-06-05,0.0,1
2026-05-29,8,2026-06-06,0.0,0
2026-05-29,9,2026-06-07,0.0,0
2026-05-29,10,2026-06-08,0.0,0
2026-05-30,1,2026-05-31,0.0,0
2026-05-30,2,2026-06-01,0.0,1
2026-05-30,3,2026-06-02,0.0,0
2026-05-30,4,2026-06-03,0.75,0
2026-05-30,5,2026-06-04,1.0,1
2026-05-30,6,2026-06-05,0.75,1
2026-05-30,7,2026-06-06,0.0,0
2026-05-30,8,2026-06-07,0.0,0
2026-05-30,9,2026-06-08,0.0,0
2026-05-30,10,2026-06-09,0.5,0
2026-05-31,1,2026-06-01,0.0,1
2026-05-31,2,2026-06-02,0.0,0
2026-05-31,3,2026-06-03,0.75,0
2026-05-31,4,2026-06-04,0.25,1
2026-05-31,5,2026-06-05,0.25,1
2026-05-31,6,2026-06-06,0.0,0
2026-05-31,7,2026-06-07,0.0,0
2026-05-31,8,2026-06-08,0.5,0
2026-05-31,9,2026-06-09,0.25,0
2026-05-31,10,2026-06-10,0.5,0
2026-06-01,1,2026-06-02,0.0,0
2026-06-01,2,2026-06-03,0.25,0
2026-06-01,3,2026-06-04,0.25,1
2026-06-01,4,2026-06-05,0.0,1
2026-06-01,5,2026-06-06,0.0,0
2026-06-01,6,2026-06-07,0.5,0
2026-06-01,7,2026-06-08,0.75,0
2026-06-01,8,2026-06-09,0.5,0
2026-06-01,9,2026-06-10,0.0,0
2026-06-01,10,2026-06-11,0.0,0
2026-06-02,1,2026-06-03,0.0,0
2026-06-02,2,2026-06-04,0.75,1
2026-06-02,3,2026-06-05,0.0,1
2026-06-02,4,2026-06-06,0.0,0
2026-06-02,5,2026-06-07,0.0,0
2026-06-02,6,2026-06-08,0.75,0
2026-06-02,7,2026-06-09,0.75,0
2026-06-02,8,2026-06-10,0.5,0
2026-06-02,9,2026-06-11,0.0,0
2026-06-02,10,2026-06-12,0.0,0
2026-06-03,1,2026-06-04,1.0,1
2026-06-03,2,2026-06-05,0.0,1
2026-06-03,3,2026-06-06,0.0,0
2026-06-03,4,2026-06-07,0.0,0
2026-06-03,5,2026-06-08,0.25,0
2026-06-03,6,2026-06-09,0.25,0
2026-06-03,7,2026-06-10,0.25,0
2026-06-03,8,2026-06-11,0.0,0
2026-06-03,9,2026-06-12,0.0,0
2026-06-03,10,2026-06-13,0.0,0
2026-06-04,1,2026-06-05,0.75,1
2026-06-04,2,2026-06-06,0.0,0
2026-06-04,3,2026-06-07,0.0,0
2026-06-04,4,2026-06-08,0.0,0
2026-06-04,5,2026-06-09,0.0,0
2026-06-04,6,2026-06-10,0.0,0
2026-06-04,7,2026-06-11,0.25,0
2026-06-04,8,2026-06-12,0.0,0
2026-06-04,9,2026-06-13,0.25,0
2026-06-04,10,2026-06-14,0.25,0
2026-06-05,1,2026-06-06,0.0,0
2026-06-05,2,2026-06-07,0.0,0
2026-06-05,3,2026-06-08,0.0,0
2026-06-05,4,2026-06-09,0.25,0
2026-06-05,5,2026-06-10,0.75,0
2026-06-05,6,2026-06-11,0.25,0
2026-06-05,7,2026-06-12,0.5,0
2026-06-05,8,2026-06-13,0.0,0
2026-06-05,9,2026-06-14,0.0,0
2026-06-05,10,2026-06-15,0.0,0
2026-06-06,1,2026-06-07,0.0,0
2026-06-06,2,2026-06-08,0.0,0
2026-06-06,3,2026-06-09,0.5,0
2026-06-06,4,2026-06-10,0.25,0
2026-06-06,5,2026-06-11,0.0,0
2026-06-06,6,2026-06-12,0.0,0
2026-06-06,7,2026-06-13,0.25,0
2026-06-06,8,2026-06-14,0.0,0
2026-06-06,9,2026-06-15,0.25,0
2026-06-06,10,2026-06-16,0.0,0
2026-06-07,1,2026-06-08,0.0,0
2026-06-07,2,2026-06-09,0.25,0
2026-06-07,3,2026-06-10,0.5,0
2026-06-07,4,2026-06-11,0.0,0
2026-06-07,5,2026-06-12,0.0,0
2026-06-07,6,2026-06-13,0.5,0
2026-06-07,7,2026-06-14,0.0,0
2026-06-07,8,2026-06-15,0.0,0
2026-06-07,9,2026-06-16,0.5,0
2026-06-07,10,2026-06-17,0.25,0
2026-06-08,1,2026-06-09,0.0,0
2026-06-08,2,2026-06-10,0.0,0
2026-06-08,3,2026-06-11,0.0,0
2026-06-08,4,2026-06-12,0.0,0
2026-06-08,5,2026-06-13,0.0,0
2026-06-08,6,2026-06-14,0.0,0
2026-06-08,7,2026-06-15,0.25,0
2026-06-08,8,2026-06-16,0.75,0
2026-06-08,9,2026-06-17,0.0,0
2026-06-08,10,2026-06-18,0.0,1
2026-06-09,1,2026-06-10,0.0,0
2026-06-09,2,2026-06-11,0.0,0
2026-06-09,3,2026-06-12,0.0,0
2026-06-09,4,2026-06-13,0.0,0
2026-06-09,5,2026-06-14,0.0,0
2026-06-09,6,2026-06-15,0.25,0
2026-06-09,7,2026-06-16,0.25,0
2026-06-09,8,2026-06-17,0.0,0
2026-06-09,9,2026-06-18,0.0,1
2026-06-09,10,2026-06-19,0.0,0
2026-06-12,1,2026-06-13,0.0,0
2026-06-12,2,2026-06-14,0.0,0
2026-06-12,3,2026-06-15,0.0,0
2026-06-12,4,2026-06-16,0.0,0
2026-06-12,5,2026-06-17,0.25,0
2026-06-12,6,2026-06-18,0.0,1
2026-06-12,7,2026-06-19,0.0,0
2026-06-12,8,2026-06-20,0.5,1
2026-06-12,9,2026-06-21,0.25,0
2026-06-12,10,2026-06-22,0.25,1
2026-06-13,1,2026-06-14,0.0,0
2026-06-13,2,2026-06-15,0.0,0
2026-06-13,3,2026-06-16,0.0,0
2026-06-13,4,2026-06-17,0.25,0
2026-06-13,5,2026-06-18,0.0,1
2026-06-13,6,2026-06-19,0.0,0
2026-06-13,7,2026-06-20,0.25,1
2026-06-13,8,2026-06-21,0.25,0
2026-06-13,9,2026-06-22,0.25,1
2026-06-13,10,2026-06-23,0.0,0
2026-06-14,1,2026-06-15,0.0,0
2026-06-14,2,2026-06-16,0.0,0
2026-06-14,3,2026-06-17,0.0,0
2026-06-14,4,2026-06-18,0.25,1
2026-06-14,5,2026-06-19,0.0,0
2026-06-14,6,2026-06-20,0.0,1
2026-06-14,7,2026-06-21,0.5,0
2026-06-14,8,2026-06-22,0.25,1
2026-06-14,9,2026-06-23,0.25,0
2026-06-14,10,2026-06-24,0.5,0
2026-06-15,1,2026-06-16,0.0,0
2026-06-15,2,2026-06-17,0.0,0
2026-06-15,3,2026-06-18,0.0,1
2026-06-15,4,2026-06-19,0.0,0
2026-06-15,5,2026-06-20,0.0,1
2026-06-15,6,2026-06-21,0.0,0
2026-06-15,7,2026-06-22,0.0,1
2026-06-15,8,2026-06-23,0.0,0
2026-06-15,9,2026-06-24,0.25,0
2026-06-15,10,2026-06-25,0.25,0
2026-06-16,1,2026-06-17,0.5,0
2026-06-16,2,2026-06-18,0.0,1
2026-06-16,3,2026-06-19,0.0,0
2026-06-16,4,2026-06-20,0.0,1
2026-06-16,5,2026-06-21,0.0,0
2026-06-16,6,2026-06-22,0.0,1
2026-06-16,7,2026-06-23,0.0,0
2026-06-16,8,2026-06-24,0.75,0
2026-06-16,9,2026-06-25,0.75,0
2026-06-16,10,2026-06-26,0.25,0
2026-06-17,1,2026-06-18,0.0,1
2026-06-17,2,2026-06-19,0.0,0
2026-06-17,3,2026-06-20,0.0,1
2026-06-17,4,2026-06-21,0.0,0
2026-06-17,5,2026-06-22,0.5,1
2026-06-17,6,2026-06-23,0.0,0
2026-06-17,7,2026-06-24,0.5,0
2026-06-17,8,2026-06-25,0.25,0
2026-06-17,9,2026-06-26,0.0,0
2026-06-17,10,2026-06-27,0.25,0
2026-06-18,1,2026-06-19,0.0,0
2026-06-18,2,2026-06-20,0.0,1
2026-06-18,3,2026-06-21,0.0,0
2026-06-18,4,2026-06-22,0.0,1
2026-06-18,5,2026-06-23,0.0,0
2026-06-18,6,2026-06-24,0.25,0
2026-06-18,7,2026-06-25,0.5,0
2026-06-18,8,2026-06-26,0.0,0
2026-06-18,9,2026-06-27,0.0,0
2026-06-18,10,2026-06-28,0.25,0
2026-06-19,1,2026-06-20,0.0,1
2026-06-19,2,2026-06-21,0.0,0
2026-06-19,3,2026-06-22,0.5,1
2026-06-19,4,2026-06-23,0.0,0
2026-06-19,5,2026-06-24,0.0,0
2026-06-19,6,2026-06-25,0.0,0
2026-06-19,7,2026-06-26,0.0,0
2026-06-19,8,2026-06-27,0.0,0
2026-06-19,9,2026-06-28,0.0,0
2026-06-19,10,2026-06-29,0.25,0
2026-06-20,1,2026-06-21,0.0,0
2026-06-20,2,2026-06-22,1.0,1
2026-06-20,3,2026-06-23,0.0,0
2026-06-20,4,2026-06-24,0.0,0
2026-06-20,5,2026-06-25,0.25,0
2026-06-20,6,2026-06-26,0.75,0
2026-06-20,7,2026-06-27,0.0,0
2026-06-20,8,2026-06-28,0.0,0
2026-06-20,9,2026-06-29,0.25,0
2026-06-20,10,2026-06-30,0.0,0
2026-06-21,1,2026-06-22,0.75,1
2026-06-21,2,2026-06-23,0.0,0
2026-06-21,3,2026-06-24,0.0,0
2026-06-21,4,2026-06-25,0.0,0
2026-06-21,5,2026-06-26,0.0,0
2026-06-21,6,2026-06-27,0.0,0
2026-06-21,7,2026-06-28,0.0,0
2026-06-21,8,2026-06-29,0.5,0
2026-06-21,9,2026-06-30,0.25,0
2026-06-21,10,2026-07-01,0.5,1
2026-06-22,1,2026-06-23,0.0,0
2026-06-22,2,2026-06-24,0.0,0
2026-06-22,3,2026-06-25,0.0,0
2026-06-22,4,2026-06-26,0.0,0
2026-06-22,5,2026-06-27,0.0,0
2026-06-22,6,2026-06-28,0.0,0
2026-06-22,7,2026-06-29,0.25,0
2026-06-22,8,2026-06-30,0.5,0
2026-06-22,9,2026-07-01,0.5,1
2026-06-22,10,2026-07-02,0.25,0
2026-06-23,1,2026-06-24,0.0,0
2026-06-23,2,2026-06-25,0.0,0
2026-06-23,3,2026-06-26,0.0,0
2026-06-23,4,2026-06-27,0.0,0
2026-06-23,5,2026-06-28,0.25,0
2026-06-23,6,2026-06-29,1.0,0
2026-06-23,7,2026-06-30,0.75,0
2026-06-23,8,2026-07-01,0.25,1
2026-06-23,9,2026-07-02,0.0,0
2026-06-23,10,2026-07-03,0.0,1
2026-06-24,1,2026-06-25,0.0,0
2026-06-24,2,2026-06-26,0.0,0
2026-06-24,3,2026-06-27,0.0,0
2026-06-24,4,2026-06-28,0.0,0
2026-06-24,5,2026-06-29,0.25,0
2026-06-24,6,2026-06-30,0.5,0
2026-06-24,7,2026-07-01,0.5,1
2026-06-24,8,2026-07-02,0.25,0
2026-06-24,9,2026-07-03,0.0,1
2026-06-24,10,2026-07-04,0.0,1
2026-06-25,1,2026-06-26,0.0,0
2026-06-25,2,2026-06-27,0.0,0
2026-06-25,3,2026-06-28,0.0,0
2026-06-25,4,2026-06-29,0.25,0
2026-06-25,5,2026-06-30,0.25,0
2026-06-25,6,2026-07-01,0.25,1
2026-06-25,7,2026-07-02,0.75,0
2026-06-25,8,2026-07-03,0.0,1
2026-06-25,9,2026-07-04,0.25,1
2026-06-25,10,2026-07-05,0.0,0
2026-06-26,1,2026-06-27,0.0,0
2026-06-26,2,2026-06-28,0.0,0
2026-06-26,3,2026-06-29,0.0,0
2026-06-26,4,2026-06-30,0.0,0
2026-06-26,5,2026-07-01,0.25,1
2026-06-26,6,2026-07-02,0.0,0
2026-06-26,7,2026-07-03,0.0,1
2026-06-26,8,2026-07-04,0.25,1
2026-06-26,9,2026-07-05,0.25,0
2026-06-26,10,2026-07-06,0.25,1
2026-06-27,1,2026-06-28,0.0,0
2026-06-27,2,2026-06-29,0.0,0
2026-06-27,3,2026-06-30,0.0,0
2026-06-27,4,2026-07-01,0.0,1
2026-06-27,5,2026-07-02,0.0,0
2026-06-27,6,2026-07-03,0.25,1
2026-06-27,7,2026-07-04,0.75,1
2026-06-27,8,2026-07-05,0.25,0
2026-06-27,9,2026-07-06,0.25,1
2026-06-27,10,2026-07-07,0.25,1
2026-06-28,1,2026-06-29,0.0,0
2026-06-28,2,2026-06-30,0.0,0
2026-06-28,3,2026-07-01,0.0,1
2026-06-28,4,2026-07-02,0.0,0
2026-06-28,5,2026-07-03,0.0,1
2026-06-28,6,2026-07-04,0.25,1
2026-06-28,7,2026-07-05,0.0,0
2026-06-28,8,2026-07-06,0.0,1
2026-06-28,9,2026-07-07,0.25,1
2026-06-28,10,2026-07-08,0.0,0
2026-06-29,1,2026-06-30,0.0,0
2026-06-29,2,2026-07-01,0.0,1
2026-06-29,3,2026-07-02,0.25,0
2026-06-29,4,2026-07-03,0.0,1
2026-06-29,5,2026-07-04,0.25,1
2026-06-29,6,2026-07-05,0.25,0
2026-06-29,7,2026-07-06,0.0,1
2026-06-29,8,2026-07-07,0.5,1
2026-06-29,9,2026-07-08,0.5,0
2026-06-29,10,2026-07-09,0.25,0
2026-06-30,1,2026-07-01,0.0,1
2026-06-30,2,2026-07-02,0.0,0
2026-06-30,3,2026-07-03,0.0,1
2026-06-30,4,2026-07-04,0.25,1
2026-06-30,5,2026-07-05,0.0,0
2026-06-30,6,2026-07-06,0.75,1
2026-06-30,7,2026-07-07,0.0,1
2026-06-30,8,2026-07-08,0.5,0
2026-06-30,9,2026-07-09,0.25,0
2026-06-30,10,2026-07-10,0.0,0
2026-07-01,1,2026-07-02,0.0,0
2026-07-01,2,2026-07-03,0.0,1
2026-07-01,3,2026-07-04,0.5,1
2026-07-01,4,2026-07-05,0.5,0
2026-07-01,5,2026-07-06,0.5,1
2026-07-01,6,2026-07-07,0.25,1
2026-07-01,7,2026-07-08,0.25,0
2026-07-01,8,2026-07-09,0.25,0
2026-07-01,9,2026-07-10,0.5,0
2026-07-01,10,2026-07-11,0.0,1
2026-07-02,1,2026-07-03,0.0,1
2026-07-02,2,2026-07-04,0.75,1
2026-07-02,3,2026-07-05,0.5,0
2026-07-02,4,2026-07-06,1.0,1
2026-07-02,5,2026-07-07,0.5,1
2026-07-02,6,2026-07-08,0.5,0
2026-07-02,7,2026-07-09,0.5,0
2026-07-02,8,2026-07-10,0.5,0
2026-07-02,9,2026-07-11,0.0,1
2026-07-02,10,2026-07-12,0.25,1
2026-07-03,1,2026-07-04,0.5,1
2026-07-03,2,2026-07-05,0.25,0
2026-07-03,3,2026-07-06,1.0,1
2026-07-03,4,2026-07-07,0.0,1
2026-07-03,5,2026-07-08,0.25,0
2026-07-03,6,2026-07-09,0.5,0
2026-07-03,7,2026-07-10,0.25,0
2026-07-03,8,2026-07-11,0.25,1
2026-07-03,9,2026-07-12,0.25,1
2026-07-03,10,2026-07-13,0.0,1
2026-07-04,1,2026-07-05,0.0,0
2026-07-04,2,2026-07-06,1.0,1
2026-07-04,3,2026-07-07,0.75,1
2026-07-04,4,2026-07-08,0.0,0
2026-07-04,5,2026-07-09,0.25,0
2026-07-04,6,2026-07-10,0.0,0
2026-07-04,7,2026-07-11,0.25,1
2026-07-04,8,2026-07-12,0.25,1
2026-07-04,9,2026-07-13,0.0,1
2026-07-04,10,2026-07-14,0.0,0
2026-07-05,1,2026-07-06,1.0,1
2026-07-05,2,2026-07-07,0.25,1
2026-07-05,3,2026-07-08,0.25,0
2026-07-05,4,2026-07-09,0.25,0
2026-07-05,5,2026-07-10,0.0,0
2026-07-05,6,2026-07-11,0.75,1
2026-07-05,7,2026-07-12,0.5,1
2026-07-05,8,2026-07-13,0.5,1
2026-07-05,9,2026-07-14,0.0,0
2026-07-05,10,2026-07-15,0.0,0
2026-07-06,1,2026-07-07,0.0,1
2026-07-06,2,2026-07-08,0.25,0
2026-07-06,3,2026-07-09,0.25,0
2026-07-06,4,2026-07-10,0.0,0
2026-07-06,5,2026-07-11,0.25,1
2026-07-06,6,2026-07-12,1.0,1
2026-07-06,7,2026-07-13,0.0,1
2026-07-06,8,2026-07-14,0.0,0
2026-07-06,9,2026-07-15,0.0,0
2026-07-06,10,2026-07-16,0.0,1
2026-07-07,1,2026-07-08,0.0,0
2026-07-07,2,2026-07-09,0.0,0
2026-07-07,3,2026-07-10,0.0,0
2026-07-07,4,2026-07-11,0.75,1
2026-07-07,5,2026-07-12,1.0,1
2026-07-07,6,2026-07-13,0.25,1
2026-07-07,7,2026-07-14,1.0,0
2026-07-07,8,2026-07-15,0.25,0
2026-07-07,9,2026-07-16,0.25,1
2026-07-07,10,2026-07-17,0.75,0
2026-07-08,1,2026-07-09,0.0,0
2026-07-08,2,2026-07-10,0.0,0
2026-07-08,3,2026-07-11,0.75,1
2026-07-08,4,2026-07-12,1.0,1
2026-07-08,5,2026-07-13,1.0,1
2026-07-08,6,2026-07-14,0.25,0
2026-07-08,7,2026-07-15,0.0,0
2026-07-08,8,2026-07-16,0.5,1
2026-07-08,9,2026-07-17,0.5,0
2026-07-08,10,2026-07-18,0.25,1
2026-07-09,1,2026-07-10,0.0,0
2026-07-09,2,2026-07-11,0.25,1
2026-07-09,3,2026-07-12,1.0,1
2026-07-09,4,2026-07-13,1.0,1
2026-07-09,5,2026-07-14,0.25,0
2026-07-09,6,2026-07-15,0.0,0
2026-07-09,7,2026-07-16,0.25,1
2026-07-09,8,2026-07-17,0.5,0
2026-07-09,9,2026-07-18,0.25,1
2026-07-09,10,2026-07-19,0.25,0
2026-07-10,1,2026-07-11,0.0,1
2026-07-10,2,2026-07-12,0.75,1
2026-07-10,3,2026-07-13,0.75,1
2026-07-10,4,2026-07-14,0.0,0
2026-07-10,5,2026-07-15,0.0,0
2026-07-10,6,2026-07-16,0.25,1
2026-07-10,7,2026-07-17,0.25,0
2026-07-10,8,2026-07-18,0.5,1
2026-07-10,9,2026-07-19,0.25,0
2026-07-10,10,2026-07-20,0.25,1
2026-07-11,1,2026-07-12,1.0,1
2026-07-11,2,2026-07-13,1.0,1
2026-07-11,3,2026-07-14,0.0,0
2026-07-11,4,2026-07-15,0.0,0
2026-07-11,5,2026-07-16,0.25,1
2026-07-11,6,2026-07-17,0.25,0
2026-07-11,7,2026-07-18,0.5,1
2026-07-11,8,2026-07-19,0.75,0
2026-07-11,9,2026-07-20,0.0,1
2026-07-11,10,2026-07-21,0.5,1
2026-07-12,1,2026-07-13,1.0,1
2026-07-12,2,2026-07-14,0.25,0
2026-07-12,3,2026-07-15,0.0,0
2026-07-12,4,2026-07-16,0.25,1
2026-07-12,5,2026-07-17,0.75,0
2026-07-12,6,2026-07-18,1.0,1
2026-07-12,7,2026-07-19,0.5,0
2026-07-12,8,2026-07-20,0.25,1
2026-07-12,9,2026-07-21,0.0,1
2026-07-12,10,2026-07-22,0.25,0
2026-07-13,1,2026-07-14,0.0,0
2026-07-13,2,2026-07-15,0.0,0
2026-07-13,3,2026-07-16,1.0,1
2026-07-13,4,2026-07-17,0.25,0
2026-07-13,5,2026-07-18,0.75,1
2026-07-13,6,2026-07-19,0.0,0
2026-07-13,7,2026-07-20,0.0,1
2026-07-13,8,2026-07-21,0.25,1
2026-07-13,9,2026-07-22,0.25,0
2026-07-13,10,2026-07-23,0.25,0
2026-07-14,1,2026-07-15,0.0,0
2026-07-14,2,2026-07-16,1.0,1
2026-07-14,3,2026-07-17,0.75,0
2026-07-14,4,2026-07-18,1.0,1
2026-07-14,5,2026-07-19,0.0,0
2026-07-14,6,2026-07-20,0.25,1
2026-07-14,7,2026-07-21,0.5,1
2026-07-14,8,2026-07-22,0.0,0
2026-07-14,9,2026-07-23,0.75,0
2026-07-14,10,2026-07-24,0.25,1
2026-07-15,1,2026-07-16,0.75,1
2026-07-15,2,2026-07-17,0.0,0
2026-07-15,3,2026-07-18,1.0,1
2026-07-15,4,2026-07-19,0.0,0
2026-07-15,5,2026-07-20,0.0,1
2026-07-15,6,2026-07-21,0.5,1
2026-07-15,7,2026-07-22,0.0,0
2026-07-15,8,2026-07-23,0.25,0
2026-07-15,9,2026-07-24,0.0,1
2026-07-15,10,2026-07-25,0.0,1
2026-07-16,1,2026-07-17,0.0,0
2026-07-16,2,2026-07-18,1.0,1
2026-07-16,3,2026-07-19,0.0,0
2026-07-16,4,2026-07-20,1.0,1
2026-07-16,5,2026-07-21,0.75,1
2026-07-16,6,2026-07-22,0.0,0
2026-07-16,7,2026-07-23,0.0,0
2026-07-16,8,2026-07-24,0.0,1
2026-07-16,9,2026-07-25,0.0,1
2026-07-16,10,2026-07-26,0.0,0
2026-07-17,1,2026-07-18,1.0,1
2026-07-17,2,2026-07-19,0.0,0
2026-07-17,3,2026-07-20,1.0,1
2026-07-17,4,2026-07-21,0.75,1
2026-07-17,5,2026-07-22,0.0,0
2026-07-17,6,2026-07-23,0.0,0
2026-07-17,7,2026-07-24,0.25,1
2026-07-17,8,2026-07-25,0.0,1
2026-07-17,9,2026-07-26,0.25,0
2026-07-17,10,2026-07-27,0.5,0
2026-07-18,1,2026-07-19,0.0,0
2026-07-18,2,2026-07-20,1.0,1
2026-07-18,3,2026-07-21,1.0,1
2026-07-18,4,2026-07-22,0.0,0
2026-07-18,5,2026-07-23,0.0,0
2026-07-18,6,2026-07-24,0.0,1
2026-07-18,7,2026-07-25,0.0,1
2026-07-18,8,2026-07-26,0.0,0
2026-07-18,9,2026-07-27,0.0,0
2026-07-18,10,2026-07-28,0.5,0
2026-07-19,1,2026-07-20,0.75,1
2026-07-19,2,2026-07-21,1.0,1
2026-07-19,3,2026-07-22,0.0,0
2026-07-19,4,2026-07-23,0.0,0
2026-07-19,5,2026-07-24,0.0,1
2026-07-19,6,2026-07-25,0.0,1
2026-07-19,7,2026-07-26,0.0,0
2026-07-19,8,2026-07-27,0.75,0
2026-07-19,9,2026-07-28,0.25,0
2026-07-19,10,2026-07-29,0.0,0
2026-07-20,1,2026-07-21,1.0,1
2026-07-20,2,2026-07-22,0.0,0
2026-07-20,3,2026-07-23,0.0,0
2026-07-20,4,2026-07-24,0.0,1
2026-07-20,5,2026-07-25,0.0,1
2026-07-20,6,2026-07-26,0.5,0
2026-07-20,7,2026-07-27,0.0,0
2026-07-20,8,2026-07-28,0.25,0
2026-07-20,9,2026-07-29,0.0,0
2026-07-20,10,2026-07-30,0.25,0
2026-07-21,1,2026-07-22,0.0,0
2026-07-21,2,2026-07-23,0.0,0
2026-07-21,3,2026-07-24,0.0,1
2026-07-21,4,2026-07-25,0.0,1
2026-07-21,5,2026-07-26,0.0,0
2026-07-21,6,2026-07-27,0.25,0
2026-07-21,7,2026-07-28,1.0,0
2026-07-21,8,2026-07-29,0.0,0
2026-07-21,9,2026-07-30,0.25,0
2026-07-21,10,2026-07-31,0.25,0
2026-07-22,1,2026-07-23,0.0,0
2026-07-22,2,2026-07-24,0.25,1
2026-07-22,3,2026-07-25,0.0,1
2026-07-22,4,2026-07-26,0.0,0
2026-07-22,5,2026-07-27,0.75,0
2026-07-22,6,2026-07-28,0.75,0
2026-07-22,7,2026-07-29,0.0,0
2026-07-22,8,2026-07-30,0.0,0
2026-07-22,9,2026-07-31,0.0,0
2026-07-22,10,2026-08-01,0.25,0
2026-07-23,1,2026-07-24,0.5,1
2026-07-23,2,2026-07-25,0.25,1
2026-07-23,3,2026-07-26,0.0,0
2026-07-23,4,2026-07-27,0.25,0
2026-07-23,5,2026-07-28,0.0,0
2026-07-23,6,2026-07-29,0.0,0
2026-07-23,7,2026-07-30,0.0,0
2026-07-23,8,2026-07-31,0.25,0
2026-07-23,9,2026-08-01,0.0,0
2026-07-23,10,2026-08-02,0.25,0
2026-07-24,1,2026-07-25,0.0,1
2026-07-24,2,2026-07-26,0.0,0
2026-07-24,3,2026-07-27,0.0,0
2026-07-24,4,2026-07-28,0.0,0
2026-07-24,5,2026-07-29,0.0,0
2026-07-24,6,2026-07-30,0.0,0
2026-07-24,7,2026-07-31,0.0,0
2026-07-24,8,2026-08-01,0.25,0
2026-07-24,9,2026-08-02,0.25,0
2026-07-24,10,2026-08-03,0.5,0
2026-07-25,1,2026-07-26,0.0,0
2026-07-25,2,2026-07-27,0.0,0
2026-07-25,3,2026-07-28,0.0,0
2026-07-25,4,2026-07-29,0.25,0
2026-07-25,5,2026-07-30,0.0,0
2026-07-25,6,2026-07-31,0.0,0
2026-07-25,7,2026-08-01,0.0,0
2026-07-25,8,2026-08-02,0.0,0
2026-07-25,9,2026-08-03,0.25,0
2026-07-25,10,2026-08-04,0.0,0
2026-07-26,1,2026-07-27,0.0,0
2026-07-26,2,2026-07-28,0.0,0
2026-07-26,3,2026-07-29,0.0,0
2026-07-26,4,2026-07-30,0.0,0
2026-07-26,5,2026-07-31,0.0,0
2026-07-26,6,2026-08-01,0.0,0
2026-07-26,7,2026-08-02,0.0,0
2026-07-26,8,2026-08-03,0.0,0
2026-07-26,9,2026-08-04,0.0,0
2026-07-26,10,2026-08-05,0.0,1
2026-07-27,1,2026-07-28,0.0,0
2026-07-27,2,2026-07-29,0.25,0
2026-07-27,3,2026-07-30,0.0,0
2026-07-27,4,2026-07-31,0.0,0
2026-07-27,5,2026-08-01,0.0,0
2026-07-27,6,2026-08-02,0.0,0
2026-07-27,7,2026-08-03,0.0,0
2026-07-27,8,2026-08-04,0.0,0
2026-07-27,9,2026-08-05,0.0,1
2026-07-27,10,2026-08-06,0.25,1
2026-07-28,1,2026-07-29,0.25,0
2026-07-28,2,2026-07-30,0.0,0
2026-07-28,3,2026-07-31,0.0,0
2026-07-28,4,2026-08-01,0.25,0
2026-07-28,5,2026-08-02,0.5,0
2026-07-28,6,2026-08-03,0.0,0
2026-07-28,7,2026-08-04,0.0,0
2026-07-28,8,2026-08-05,0.25,1
2026-07-28,9,2026-08-06,0.0,1
2026-07-28,10,2026-08-07,0.5,0
2026-07-29,1,2026-07-30,0.0,0
2026-07-29,2,2026-07-31,0.0,0
2026-07-29,3,2026-08-01,0.0,0
2026-07-29,4,2026-08-02,0.5,0
2026-07-29,5,2026-08-03,0.5,0
2026-07-29,6,2026-08-04,0.0,0
2026-07-29,7,2026-08-05,0.5,1
2026-07-29,8,2026-08-06,0.75,1
2026-07-29,9,2026-08-07,0.0,0
2026-07-29,10,2026-08-08,0.0,0
2026-07-30,1,2026-07-31,0.0,0
2026-07-30,2,2026-08-01,0.0,0
2026-07-30,3,2026-08-02,0.25,0
2026-07-30,4,2026-08-03,0.0,0
2026-07-30,5,2026-08-04,0.25,0
2026-07-30,6,2026-08-05,0.5,1
2026-07-30,7,2026-08-06,0.25,1
2026-07-30,8,2026-08-07,0.0,0
2026-07-30,9,2026-08-08,0.0,0
2026-07-30,10,2026-08-09,0.0,0
2026-07-31,1,2026-08-01,0.0,0
2026-07-31,2,2026-08-02,0.25,0
2026-07-31,3,2026-08-03,0.0,0
2026-07-31,4,2026-08-04,0.0,0
2026-07-31,5,2026-08-05,0.75,1
2026-07-31,6,2026-08-06,0.5,1
2026-07-31,7,2026-08-07,0.25,0
2026-07-31,8,2026-08-08,0.0,0
2026-07-31,9,2026-08-09,0.25,0
2026-07-31,10,2026-08-10,0.25,0
2026-08-01,1,2026-08-02,0.0,0
2026-08-01,2,2026-08-03,0.0,0
2026-08-01,3,2026-08-04,0.0,0
2026-08-01,4,2026-08-05,1.0,1
2026-08-01,5,2026-08-06,0.75,1
2026-08-01,6,2026-08-07,0.25,0
2026-08-01,7,2026-08-08,0.0,0
2026-08-01,8,2026-08-09,0.0,0
2026-08-01,9,2026-08-10,0.0,0
2026-08-01,10,2026-08-11,0.25,1
2026-08-02,1,2026-08-03,0.5,0
2026-08-02,2,2026-08-04,0.0,0
2026-08-02,3,2026-08-05,1.0,1
2026-08-02,4,2026-08-06,0.0,1
2026-08-02,5,2026-08-07,0.0,0
2026-08-02,6,2026-08-08,0.25,0
2026-08-02,7,2026-08-09,0.25,0
2026-08-02,8,2026-08-10,0.25,0
2026-08-02,9,2026-08-11,0.25,1
2026-08-02,10,2026-08-12,0.75,0
2026-08-03,1,2026-08-04,0.0,0
2026-08-03,2,2026-08-05,1.0,1
2026-08-03,3,2026-08-06,0.5,1
2026-08-03,4,2026-08-07,0.0,0
2026-08-03,5,2026-08-08,0.0,0
2026-08-03,6,2026-08-09,0.25,0
2026-08-03,7,2026-08-10,0.0,0
2026-08-03,8,2026-08-11,1.0,1
2026-08-03,9,2026-08-12,0.0,0
2026-08-03,10,2026-08-13,0.5,1
2026-08-04,1,2026-08-05,1.0,1
2026-08-04,2,2026-08-06,1.0,1
2026-08-04,3,2026-08-07,0.0,0
2026-08-04,4,2026-08-08,0.25,0
2026-08-04,5,2026-08-09,0.0,0
2026-08-04,6,2026-08-10,0.0,0
2026-08-04,7,2026-08-11,0.25,1
2026-08-04,8,2026-08-12,0.25,0
2026-08-04,9,2026-08-13,0.25,1
2026-08-04,10,2026-08-14,0.25,0
2026-08-05,1,2026-08-06,1.0,1
2026-08-05,2,2026-08-07,0.0,0
2026-08-05,3,2026-08-08,0.0,0
2026-08-05,4,2026-08-09,0.0,0
2026-08-05,5,2026-08-10,0.5,0
2026-08-05,6,2026-08-11,0.25,1
2026-08-05,7,2026-08-12,1.0,0
2026-08-05,8,2026-08-13,0.25,1
2026-08-05,9,2026-08-14,0.5,0
2026-08-05,10,2026-08-15,0.75,1
2026-08-06,1,2026-08-07,0.0,0
2026-08-06,2,2026-08-08,0.0,0
2026-08-06,3,2026-08-09,0.0,0
2026-08-06,4,2026-08-10,0.0,0
2026-08-06,5,2026-08-11,0.0,1
2026-08-06,6,2026-08-12,0.25,0
2026-08-06,7,2026-08-13,0.5,1
2026-08-06,8,2026-08-14,0.25,0
2026-08-06,9,2026-08-15,0.75,1
2026-08-06,10,2026-08-16,1.0,1
2026-08-07,1,2026-08-08,0.0,0
2026-08-07,2,2026-08-09,0.0,0
2026-08-07,3,2026-08-10,0.0,0
2026-08-07,4,2026-08-11,0.0,1
2026-08-07,5,2026-08-12,0.25,0
2026-08-07,6,2026-08-13,0.75,1
2026-08-07,7,2026-08-14,0.5,0
2026-08-07,8,2026-08-15,0.5,1
2026-08-07,9,2026-08-16,0.0,1
2026-08-07,10,2026-08-17,0.25,0
2026-08-08,1,2026-08-09,0.0,0
2026-08-08,2,2026-08-10,0.0,0
2026-08-08,3,2026-08-11,0.0,1
2026-08-08,4,2026-08-12,0.25,0
2026-08-08,5,2026-08-13,0.25,1
2026-08-08,6,2026-08-14,0.25,0
2026-08-08,7,2026-08-15,0.75,1
2026-08-08,8,2026-08-16,0.0,1
2026-08-08,9,2026-08-17,0.5,0
2026-08-08,10,2026-08-18,0.75,0
2026-08-09,1,2026-08-10,0.25,0
2026-08-09,2,2026-08-11,0.0,1
2026-08-09,3,2026-08-12,0.5,0
2026-08-09,4,2026-08-13,0.75,1
2026-08-09,5,2026-08-14,0.0,0
2026-08-09,6,2026-08-15,0.5,1
2026-08-09,7,2026-08-16,0.75,1
2026-08-09,8,2026-08-17,0.0,0
2026-08-09,9,2026-08-18,0.0,0
2026-08-09,10,2026-08-19,0.5,0
2026-08-12,1,2026-08-13,0.75,1
2026-08-12,2,2026-08-14,0.0,0
2026-08-12,3,2026-08-15,1.0,1
2026-08-12,4,2026-08-16,1.0,1
2026-08-12,5,2026-08-17,0.0,0
2026-08-12,6,2026-08-18,0.75,0
2026-08-12,7,2026-08-19,0.5,0
2026-08-12,8,2026-08-20,0.25,1
2026-08-12,9,2026-08-21,0.0,0
2026-08-12,10,2026-08-22,0.5,0
2026-08-13,1,2026-08-14,0.25,0
2026-08-13,2,2026-08-15,0.75,1
2026-08-13,3,2026-08-16,0.75,1
2026-08-13,4,2026-08-17,0.0,0
2026-08-13,5,2026-08-18,0.0,0
2026-08-13,6,2026-08-19,0.75,0
2026-08-13,7,2026-08-20,0.25,1
2026-08-13,8,2026-08-21,0.75,0
2026-08-13,9,2026-08-22,0.75,0
2026-08-13,10,2026-08-23,0.25,0
2026-08-14,1,2026-08-15,1.0,1
2026-08-14,2,2026-08-16,1.0,1
2026-08-14,3,2026-08-17,0.0,0
2026-08-14,4,2026-08-18,0.0,0
2026-08-14,5,2026-08-19,0.0,0
2026-08-14,6,2026-08-20,0.5,1
2026-08-14,7,2026-08-21,0.0,0
2026-08-14,8,2026-08-22,0.5,0
2026-08-14,9,2026-08-23,0.75,0
2026-08-14,10,2026-08-24,0.75,0
2026-08-15,1,2026-08-16,1.0,1
2026-08-15,2,2026-08-17,0.0,0
2026-08-15,3,2026-08-18,0.0,0
2026-08-15,4,2026-08-19,0.0,0
2026-08-15,5,2026-08-20,0.25,1
2026-08-15,6,2026-08-21,0.25,0
2026-08-15,7,2026-08-22,0.75,0
2026-08-15,8,2026-08-23,0.5,0
2026-08-15,9,2026-08-24,0.75,0
2026-08-15,10,2026-08-25,1.0,0
2026-08-16,1,2026-08-17,0.0,0
2026-08-16,2,2026-08-18,0.0,0
2026-08-16,3,2026-08-19,0.0,0
2026-08-16,4,2026-08-20,0.25,1
2026-08-16,5,2026-08-21,0.5,0
2026-08-16,6,2026-08-22,0.0,0
2026-08-16,7,2026-08-23,0.0,0
2026-08-16,8,2026-08-24,0.25,0
2026-08-16,9,2026-08-25,0.25,0
2026-08-16,10,2026-08-26,0.25,1
2026-08-17,1,2026-08-18,0.0,0
2026-08-17,2,2026-08-19,0.0,0
2026-08-17,3,2026-08-20,0.0,1
2026-08-17,4,2026-08-21,0.0,0
2026-08-17,5,2026-08-22,0.0,0
2026-08-17,6,2026-08-23,0.0,0
2026-08-17,7,2026-08-24,0.0,0
2026-08-17,8,2026-08-25,0.75,0
2026-08-17,9,2026-08-26,0.75,1
2026-08-17,10,2026-08-27,0.25,0
2026-08-18,1,2026-08-19,0.0,0
2026-08-18,2,2026-08-20,0.5,1
2026-08-18,3,2026-08-21,0.0,0
2026-08-18,4,2026-08-22,0.0,0
2026-08-18,5,2026-08-23,0.0,0
2026-08-18,6,2026-08-24,0.0,0
2026-08-18,7,2026-08-25,0.5,0
2026-08-18,8,2026-08-26,0.5,1
2026-08-18,9,2026-08-27,0.0,0
2026-08-18,10,2026-08-28,0.0,1
2026-08-19,1,2026-08-20,0.75,1
2026-08-19,2,2026-08-21,0.0,0
2026-08-19,3,2026-08-22,0.0,0
2026-08-19,4,2026-08-23,0.0,0
2026-08-19,5,2026-08-24,0.0,0
2026-08-19,6,2026-08-25,0.5,0
2026-08-19,7,2026-08-26,1.0,1
2026-08-19,8,2026-08-27,0.0,0
2026-08-19,9,2026-08-28,0.25,1
2026-08-19,10,2026-08-29,0.25,1
2026-08-20,1,2026-08-21,0.0,0
2026-08-20,2,2026-08-22,0.0,0
2026-08-20,3,2026-08-23,0.0,0
2026-08-20,4,2026-08-24,0.0,0
2026-08-20,5,2026-08-25,1.0,0
2026-08-20,6,2026-08-26,1.0,1
2026-08-20,7,2026-08-27,0.75,0
2026-08-20,8,2026-08-28,0.25,1
2026-08-20,9,2026-08-29,0.0,1
2026-08-20,10,2026-08-30,0.5,1
2026-08-21,1,2026-08-22,0.0,0
2026-08-21,2,2026-08-23,0.0,0
2026-08-21,3,2026-08-24,0.0,0
2026-08-21,4,2026-08-25,0.25,0
2026-08-21,5,2026-08-26,0.75,1
2026-08-21,6,2026-08-27,1.0,0
2026-08-21,7,2026-08-28,0.5,1
2026-08-21,8,2026-08-29,0.25,1
2026-08-21,9,2026-08-30,0.5,1
2026-08-21,10,2026-08-31,0.5,0
2026-08-22,1,2026-08-23,0.0,0
2026-08-22,2,2026-08-24,0.0,0
2026-08-22,3,2026-08-25,0.0,0
2026-08-22,4,2026-08-26,0.5,1
2026-08-22,5,2026-08-27,1.0,0
2026-08-22,6,2026-08-28,0.5,1
2026-08-22,7,2026-08-29,0.0,1
2026-08-22,8,2026-08-30,0.5,1
2026-08-22,9,2026-08-31,0.5,0
2026-08-22,10,2026-09-01,1.0,0
2026-08-23,1,2026-08-24,0.0,0
2026-08-23,2,2026-08-25,0.0,0
2026-08-23,3,2026-08-26,0.25,1
2026-08-23,4,2026-08-27,0.75,0
2026-08-23,5,2026-08-28,1.0,1
2026-08-23,6,2026-08-29,0.0,1
2026-08-23,7,2026-08-30,0.5,1
2026-08-23,8,2026-08-31,0.25,0
2026-08-23,9,2026-09-01,0.5,0
2026-08-23,10,2026-09-02,0.25,0
2026-08-24,1,2026-08-25,0.0,0
2026-08-24,2,2026-08-26,1.0,1
2026-08-24,3,2026-08-27,1.0,0
2026-08-24,4,2026-08-28,0.75,1
2026-08-24,5,2026-08-29,0.0,1
2026-08-24,6,2026-08-30,0.75,1
2026-08-24,7,2026-08-31,0.0,0
2026-08-24,8,2026-09-01,0.75,0
2026-08-24,9,2026-09-02,0.25,0
2026-08-24,10,2026-09-03,0.0,0
2026-08-25,1,2026-08-26,0.75,1
2026-08-25,2,2026-08-27,0.75,0
2026-08-25,3,2026-08-28,0.75,1
2026-08-25,4,2026-08-29,0.0,1
2026-08-25,5,2026-08-30,0.75,1
2026-08-25,6,2026-08-31,0.0,0
2026-08-25,7,2026-09-01,0.0,0
2026-08-25,8,2026-09-02,0.0,0
2026-08-25,9,2026-09-03,0.0,0
2026-08-25,10,2026-09-04,0.5,0
2026-08-26,1,2026-08-27,1.0,0
2026-08-26,2,2026-08-28,0.75,1
2026-08-26,3,2026-08-29,0.0,1
2026-08-26,4,2026-08-30,0.5,1
2026-08-26,5,2026-08-31,0.25,0
2026-08-26,6,2026-09-01,0.75,0
2026-08-26,7,2026-09-02,0.5,0
2026-08-26,8,2026-09-03,0.25,0
2026-08-26,9,2026-09-04,0.75,0
2026-08-26,10,2026-09-05,0.75,0
2026-08-27,1,2026-08-28,1.0,1
2026-08-27,2,2026-08-29,0.0,1
2026-08-27,3,2026-08-30,1.0,1
2026-08-27,4,2026-08-31,0.5,0
2026-08-27,5,2026-09-01,0.25,0
2026-08-27,6,2026-09-02,0.25,0
2026-08-27,7,2026-09-03,0.0,0
2026-08-27,8,2026-09-04,0.0,0
2026-08-27,9,2026-09-05,0.0,0
2026-08-27,10,2026-09-06,0.0,0
2026-08-28,1,2026-08-29,0.0,1
2026-08-28,2,2026-08-30,1.0,1
2026-08-28,3,2026-08-31,0.25,0
2026-08-28,4,2026-09-01,0.25,0
2026-08-28,5,2026-09-02,0.25,0
2026-08-28,6,2026-09-03,0.0,0
2026-08-28,7,2026-09-04,0.0,0
2026-08-28,8,2026-09-05,0.25,0
2026-08-28,9,2026-09-06,0.0,0
2026-08-28,10,2026-09-07,0.0,0
2026-08-29,1,2026-08-30,0.75,1
2026-08-29,2,2026-08-31,0.0,0
2026-08-29,3,2026-09-01,0.5,0
2026-08-29,4,2026-09-02,0.25,0
2026-08-29,5,2026-09-03,0.25,0
2026-08-29,6,2026-09-04,0.0,0
2026-08-29,7,2026-09-05,0.0,0
2026-08-29,8,2026-09-06,0.0,0
2026-08-29,9,2026-09-07,0.25,0
2026-08-29,10,2026-09-08,0.5,0
2026-08-30,1,2026-08-31,0.0,0
2026-08-30,2,2026-09-01,0.0,0
2026-08-30,3,2026-09-02,0.0,0
2026-08-30,4,2026-09-03,0.0,0
2026-08-30,5,2026-09-04,0.0,0
2026-08-30,6,2026-09-05,0.25,0
2026-08-30,7,2026-09-06,0.25,0
2026-08-30,8,2026-09-07,0.25,0
2026-08-30,9,2026-09-08,0.5,0
2026-08-30,10,2026-09-09,0.5,0
2026-08-31,1,2026-09-01,0.0,0
2026-08-31,2,2026-09-02,0.75,0
2026-08-31,3,2026-09-03,0.0,0
2026-08-31,4,2026-09-04,0.0,0
2026-08-31,5,2026-09-05,0.0,0
2026-08-31,6,2026-09-06,0.0,0
2026-08-31,7,2026-09-07,1.0,0
2026-08-31,8,2026-09-08,0.25,0
2026-08-31,9,2026-09-09,0.25,0
2026-08-31,10,2026-09-10,0.75,0
2026-09-01,1,2026-09-02,0.25,0
2026-09-01,2,2026-09-03,0.0,0
2026-09-01,3,2026-09-04,0.0,0
2026-09-01,4,2026-09-05,0.0,0
2026-09-01,5,2026-09-06,0.0,0
2026-09-01,6,2026-09-07,0.25,0
2026-09-01,7,2026-09-08,0.75,0
2026-09-01,8,2026-09-09,0.75,0
2026-09-01,9,2026-09-10,0.25,0
2026-09-01,10,2026-09-11,0.5,0
2026-09-02,1,2026-09-03,0.0,0
2026-09-02,2,2026-09-04,0.0,0
2026-09-02,3,2026-09-05,0.0,0
2026-09-02,4,2026-09-06,0.0,0
2026-09-02,5,2026-09-07,0.0,0
2026-09-02,6,2026-09-08,0.5,0
2026-09-02,7,2026-09-09,0.25,0
2026-09-02,8,2026-09-10,0.25,0
2026-09-02,9,2026-09-11,0.5,0
2026-09-02,10,2026-09-12,0.75,0
2026-09-03,1,2026-09-04,0.0,0
2026-09-03,2,2026-09-05,0.0,0
2026-09-03,3,2026-09-06,0.0,0
2026-09-03,4,2026-09-07,0.0,0
2026-09-03,5,2026-09-08,0.0,0
2026-09-03,6,2026-09-09,0.0,0
2026-09-03,7,2026-09-10,0.5,0
2026-09-03,8,2026-09-11,0.0,0
2026-09-03,9,2026-09-12,0.25,0
2026-09-03,10,2026-09-13,0.25,1
2026-09-04,1,2026-09-05,0.0,0
2026-09-04,2,2026-09-06,0.0,0
2026-09-04,3,2026-09-07,0.0,0
2026-09-04,4,2026-09-08,0.0,0
2026-09-04,5,2026-09-09,0.75,0
2026-09-04,6,2026-09-10,0.0,0
2026-09-04,7,2026-09-11,0.25,0
2026-09-04,8,2026-09-12,0.25,0
2026-09-04,9,2026-09-13,0.25,1
2026-09-04,10,2026-09-14,0.5,0
2026-09-05,1,2026-09-06,0.0,0
2026-09-05,2,2026-09-07,0.0,0
2026-09-05,3,2026-09-08,0.0,0
2026-09-05,4,2026-09-09,0.75,0
2026-09-05,5,2026-09-10,0.0,0
2026-09-05,6,2026-09-11,0.5,0
2026-09-05,7,2026-09-12,0.25,0
2026-09-05,8,2026-09-13,0.75,1
2026-09-05,9,2026-09-14,0.25,0
2026-09-05,10,2026-09-15,0.25,1
2026-09-06,1,2026-09-07,0.0,0
2026-09-06,2,2026-09-08,0.25,0
2026-09-06,3,2026-09-09,0.0,0
2026-09-06,4,2026-09-10,0.0,0
2026-09-06,5,2026-09-11,0.25,0
2026-09-06,6,2026-09-12,0.5,0
2026-09-06,7,2026-09-13,0.75,1
2026-09-06,8,2026-09-14,0.75,0
2026-09-06,9,2026-09-15,0.5,1
2026-09-06,10,2026-09-16,0.25,1
2026-09-07,1,2026-09-08,0.0,0
2026-09-07,2,2026-09-09,0.0,0
2026-09-07,3,2026-09-10,0.0,0
2026-09-07,4,2026-09-11,0.0,0
2026-09-07,5,2026-09-12,0.25,0
2026-09-07,6,2026-09-13,0.5,1
2026-09-07,7,2026-09-14,0.25,0
2026-09-07,8,2026-09-15,0.75,1
2026-09-07,9,2026-09-16,0.25,1
2026-09-07,10,2026-09-17,0.25,1
2026-09-08,1,2026-09-09,0.25,0
2026-09-08,2,2026-09-10,0.0,0
2026-09-08,3,2026-09-11,0.0,0
2026-09-08,4,2026-09-12,0.25,0
2026-09-08,5,2026-09-13,1.0,1
2026-09-08,6,2026-09-14,0.75,0
2026-09-08,7,2026-09-15,0.25,1
2026-09-08,8,2026-09-16,0.0,1
2026-09-08,9,2026-09-17,0.0,1
2026-09-08,10,2026-09-18,0.75,0
2026-09-09,1,2026-09-10,0.0,0
2026-09-09,2,2026-09-11,0.0,0
2026-09-09,3,2026-09-12,0.0,0
2026-09-09,4,2026-09-13,1.0,1
2026-09-09,5,2026-09-14,0.25,0
2026-09-09,6,2026-09-15,0.25,1
2026-09-09,7,2026-09-16,0.0,1
2026-09-09,8,2026-09-17,0.5,1
2026-09-09,9,2026-09-18,0.5,0
2026-09-09,10,2026-09-19,0.75,0
2026-09-10,1,2026-09-11,0.0,0
2026-09-10,2,2026-09-12,0.0,0
2026-09-10,3,2026-09-13,0.5,1
2026-09-10,4,2026-09-14,0.0,0
2026-09-10,5,2026-09-15,0.75,1
2026-09-10,6,2026-09-16,0.25,1
2026-09-10,7,2026-09-17,0.0,1
2026-09-10,8,2026-09-18,0.0,0
2026-09-10,9,2026-09-19,0.75,0
2026-09-10,10,2026-09-20,0.5,1
2026-09-11,1,2026-09-12,0.0,0
2026-09-11,2,2026-09-13,0.0,1
2026-09-11,3,2026-09-14,0.0,0
2026-09-11,4,2026-09-15,0.75,1
2026-09-11,5,2026-09-16,0.75,1
2026-09-11,6,2026-09-17,0.0,1
2026-09-11,7,2026-09-18,0.25,0
2026-09-11,8,2026-09-19,0.25,0
2026-09-11,9,2026-09-20,0.25,1
2026-09-11,10,2026-09-21,0.5,0
2026-09-12,1,2026-09-13,0.5,1
2026-09-12,2,2026-09-14,0.0,0
2026-09-12,3,2026-09-15,1.0,1
2026-09-12,4,2026-09-16,0.0,1
2026-09-12,5,2026-09-17,0.75,1
2026-09-12,6,2026-09-18,0.0,0
2026-09-12,7,2026-09-19,0.75,0
2026-09-12,8,2026-09-20,0.25,1
2026-09-12,9,2026-09-21,0.5,0
2026-09-12,10,2026-09-22,0.25,1
2026-09-13,1,2026-09-14,0.0,0
2026-09-13,2,2026-09-15,1.0,1
2026-09-13,3,2026-09-16,0.5,1
2026-09-13,4,2026-09-17,0.25,1
2026-09-13,5,2026-09-18,0.0,0
2026-09-13,6,2026-09-19,1.0,0
2026-09-13,7,2026-09-20,0.0,1
2026-09-13,8,2026-09-21,0.0,0
2026-09-13,9,2026-09-22,0.5,1
2026-09-13,10,2026-09-23,0.75,0
2026-09-15,1,2026-09-16,0.75,1
2026-09-15,2,2026-09-17,1.0,1
2026-09-15,3,2026-09-18,0.0,0
2026-09-15,4,2026-09-19,0.0,0
2026-09-15,5,2026-09-20,0.0,1
2026-09-15,6,2026-09-21,0.75,0
2026-09-15,7,2026-09-22,0.25,1
2026-09-15,8,2026-09-23,0.75,0
2026-09-15,9,2026-09-24,0.5,1
2026-09-15,10,2026-09-25,0.0,0
2026-09-16,1,2026-09-17,1.0,1
2026-09-16,2,2026-09-18,0.0,0
2026-09-16,3,2026-09-19,0.0,0
2026-09-16,4,2026-09-20,0.25,1
2026-09-16,5,2026-09-21,0.0,0
2026-09-16,6,2026-09-22,0.25,1
2026-09-16,7,2026-09-23,0.75,0
2026-09-16,8,2026-09-24,0.5,1
2026-09-16,9,2026-09-25,0.25,0
2026-09-16,10,2026-09-26,0.75,0
2026-09-17,1,2026-09-18,0.0,0
2026-09-17,2,2026-09-19,0.0,0
2026-09-17,3,2026-09-20,0.0,1
2026-09-17,4,2026-09-21,0.0,0
2026-09-17,5,2026-09-22,0.0,1
2026-09-17,6,2026-09-23,0.75,0
2026-09-17,7,2026-09-24,1.0,1
2026-09-17,8,2026-09-25,0.0,0
2026-09-17,9,2026-09-26,0.75,0
2026-09-17,10,2026-09-27,1.0,0
2026-09-19,1,2026-09-20,0.0,1
2026-09-19,2,2026-09-21,0.0,0
2026-09-19,3,2026-09-22,0.0,1
2026-09-19,4,2026-09-23,0.75,0
2026-09-19,5,2026-09-24,1.0,1
2026-09-19,6,2026-09-25,0.5,0
2026-09-19,7,2026-09-26,0.0,0
2026-09-19,8,2026-09-27,0.0,0
2026-09-19,9,2026-09-28,0.0,0
2026-09-20,1,2026-09-21,0.0,0
2026-09-20,2,2026-09-22,0.0,1
2026-09-20,3,2026-09-23,1.0,0
2026-09-20,4,2026-09-24,1.0,1
2026-09-20,5,2026-09-25,0.25,0
2026-09-20,6,2026-09-26,0.0,0
2026-09-20,7,2026-09-27,0.5,0
2026-09-20,8,2026-09-28,0.25,0
2026-09-21,1,2026-09-22,0.0,1
2026-09-21,2,2026-09-23,1.0,0
2026-09-21,3,2026-09-24,1.0,1
2026-09-21,4,2026-09-25,0.0,0
2026-09-21,5,2026-09-26,0.0,0
2026-09-21,6,2026-09-27,0.25,0
2026-09-21,7,2026-09-28,0.0,0
2026-09-22,1,2026-09-23,1.0,0
2026-09-22,2,2026-09-24,1.0,1
2026-09-22,3,2026-09-25,0.0,0
2026-09-22,4,2026-09-26,0.0,0
2026-09-22,5,2026-09-27,0.0,0
2026-09-22,6,2026-09-28,0.0,0
2026-09-23,1,2026-09-24,1.0,1
2026-09-23,2,2026-09-25,0.0,0
2026-09-23,3,2026-09-26,0.0,0
2026-09-23,4,2026-09-27,0.0,0
2026-09-23,5,2026-09-28,0.0,0
2026-09-24,1,2026-09-25,0.0,0
2026-09-24,2,2026-09-26,0.0,0
2026-09-24,3,2026-09-27,0.0,0
2026-09-24,4,2026-09-28,0.0,0
2026-09-25,1,2026-09-26,0.0,0
2026-09-25,2,2026-09-27,0.0,0
2026-09-25,3,2026-09-28,0.0,0
2026-09-26,1,2026-09-27,0.0,0
2026-09-26,2,2026-09-28,0.0,0
2026-09-27,1,2026-09-28,0.0,0
